Year,Province,Gender,Age_Group,Unemployment_Rate
2015,Gauteng,Female,15-19,58.1
2015,Gauteng,Female,20-24,48.2
2015,Gauteng,Male,15-19,51.2
2015,Gauteng,Male,20-24,45.8
2015,KwaZulu-Natal,Female,15-19,61.9
2015,KwaZulu-Natal,Female,20-24,56.4
2015,KwaZulu-Natal,Male,15-19,59.1
2015,KwaZulu-Natal,Male,20-24,47.7
2015,Eastern Cape,Female,15-19,62.4
2015,Eastern Cape,Female,20-24,54.2
2015,Eastern Cape,Male,15-19,56.7
2015,Eastern Cape,Male,20-24,54.0
2015,Western Cape,Female,15-19,62.2
2015,Western Cape,Female,20-24,58.6
2015,Western Cape,Male,15-19,63.2
2015,Western Cape,Male,20-24,57.4
2015,Limpopo,Female,15-19,54.8
2015,Limpopo,Female,20-24,52.7
2015,Limpopo,Male,15-19,55.5
2015,Limpopo,Male,20-24,44.1
2015,Mpumalanga,Female,15-19,62.4
2015,Mpumalanga,Female,20-24,56.6
2015,Mpumalanga,Male,15-19,54.7
2015,Mpumalanga,Male,20-24,48.2
2015,North West,Female,15-19,66.7
2015,North West,Female,20-24,56.7
2015,North West,Male,15-19,55.7
2015,North West,Male,20-24,50.8
2015,Free State,Female,15-19,68.8
2015,Free State,Female,20-24,61.8
2015,Free State,Male,15-19,64.5
2015,Free State,Male,20-24,58.8
2015,Northern Cape,Female,15-19,57.3
2015,Northern Cape,Female,20-24,55.8
2015,Northern Cape,Male,15-19,52.0
2015,Northern Cape,Male,20-24,48.4
2016,Gauteng,Female,15-19,60.1
2016,Gauteng,Female,20-24,53.4
2016,Gauteng,Male,15-19,56.4
2016,Gauteng,Male,20-24,49.1
2016,KwaZulu-Natal,Female,15-19,62.1
2016,KwaZulu-Natal,Female,20-24,51.9
2016,KwaZulu-Natal,Male,15-19,54.3
2016,KwaZulu-Natal,Male,20-24,49.8
2016,Eastern Cape,Female,15-19,60.1
2016,Eastern Cape,Female,20-24,56.4
2016,Eastern Cape,Male,15-19,56.3
2016,Eastern Cape,Male,20-24,52.7
2016,Western Cape,Female,15-19,67.6
2016,Western Cape,Female,20-24,60.4
2016,Western Cape,Male,15-19,61.5
2016,Western Cape,Male,20-24,55.2
2016,Limpopo,Female,15-19,55.6
2016,Limpopo,Female,20-24,56.0
2016,Limpopo,Male,15-19,54.7
2016,Limpopo,Male,20-24,49.4
2016,Mpumalanga,Female,15-19,57.9
2016,Mpumalanga,Female,20-24,57.3
2016,Mpumalanga,Male,15-19,53.8
2016,Mpumalanga,Male,20-24,50.5
2016,North West,Female,15-19,67.4
2016,North West,Female,20-24,59.6
2016,North West,Male,15-19,60.0
2016,North West,Male,20-24,56.0
2016,Free State,Female,15-19,69.2
2016,Free State,Female,20-24,63.7
2016,Free State,Male,15-19,60.3
2016,Free State,Male,20-24,53.8
2016,Northern Cape,Female,15-19,56.0
2016,Northern Cape,Female,20-24,50.6
2016,Northern Cape,Male,15-19,51.2
2016,Northern Cape,Male,20-24,52.0
2017,Gauteng,Female,15-19,61.0
2017,Gauteng,Female,20-24,51.5
2017,Gauteng,Male,15-19,55.2
2017,Gauteng,Male,20-24,48.2
2017,KwaZulu-Natal,Female,15-19,64.3
2017,KwaZulu-Natal,Female,20-24,55.7
2017,KwaZulu-Natal,Male,15-19,55.1
2017,KwaZulu-Natal,Male,20-24,50.0
2017,Eastern Cape,Female,15-19,64.5
2017,Eastern Cape,Female,20-24,57.1
2017,Eastern Cape,Male,15-19,60.7
2017,Eastern Cape,Male,20-24,58.2
2017,Western Cape,Female,15-19,66.2
2017,Western Cape,Female,20-24,59.8
2017,Western Cape,Male,15-19,67.0
2017,Western Cape,Male,20-24,58.1
2017,Limpopo,Female,15-19,54.7
2017,Limpopo,Female,20-24,49.4
2017,Limpopo,Male,15-19,50.9
2017,Limpopo,Male,20-24,50.0
2017,Mpumalanga,Female,15-19,63.3
2017,Mpumalanga,Female,20-24,55.4
2017,Mpumalanga,Male,15-19,53.5
2017,Mpumalanga,Male,20-24,51.1
2017,North West,Female,15-19,68.0
2017,North West,Female,20-24,59.2
2017,North West,Male,15-19,63.8
2017,North West,Male,20-24,57.9
2017,Free State,Female,15-19,63.1
2017,Free State,Female,20-24,63.8
2017,Free State,Male,15-19,64.5
2017,Free State,Male,20-24,58.3
2017,Northern Cape,Female,15-19,56.1
2017,Northern Cape,Female,20-24,54.1
2017,Northern Cape,Male,15-19,50.9
2017,Northern Cape,Male,20-24,48.5
2018,Gauteng,Female,15-19,58.1
2018,Gauteng,Female,20-24,57.1
2018,Gauteng,Male,15-19,57.5
2018,Gauteng,Male,20-24,47.6
2018,KwaZulu-Natal,Female,15-19,61.5
2018,KwaZulu-Natal,Female,20-24,53.9
2018,KwaZulu-Natal,Male,15-19,60.8
2018,KwaZulu-Natal,Male,20-24,55.5
2018,Eastern Cape,Female,15-19,62.9
2018,Eastern Cape,Female,20-24,60.6
2018,Eastern Cape,Male,15-19,61.4
2018,Eastern Cape,Male,20-24,52.7
2018,Western Cape,Female,15-19,69.6
2018,Western Cape,Female,20-24,62.8
2018,Western Cape,Male,15-19,65.7
2018,Western Cape,Male,20-24,58.7
2018,Limpopo,Female,15-19,54.5
2018,Limpopo,Female,20-24,52.1
2018,Limpopo,Male,15-19,50.7
2018,Limpopo,Male,20-24,52.9
2018,Mpumalanga,Female,15-19,64.5
2018,Mpumalanga,Female,20-24,59.2
2018,Mpumalanga,Male,15-19,56.0
2018,Mpumalanga,Male,20-24,49.0
2018,North West,Female,15-19,67.5
2018,North West,Female,20-24,63.1
2018,North West,Male,15-19,57.2
2018,North West,Male,20-24,55.4
2018,Free State,Female,15-19,64.1
2018,Free State,Female,20-24,64.6
2018,Free State,Male,15-19,65.6
2018,Free State,Male,20-24,55.5
2018,Northern Cape,Female,15-19,58.3
2018,Northern Cape,Female,20-24,53.9
2018,Northern Cape,Male,15-19,52.6
2018,Northern Cape,Male,20-24,52.5
2019,Gauteng,Female,15-19,58.4
2019,Gauteng,Female,20-24,51.7
2019,Gauteng,Male,15-19,55.3
2019,Gauteng,Male,20-24,51.8
2019,KwaZulu-Natal,Female,15-19,59.6
2019,KwaZulu-Natal,Female,20-24,55.5
2019,KwaZulu-Natal,Male,15-19,62.0
2019,KwaZulu-Natal,Male,20-24,54.2
2019,Eastern Cape,Female,15-19,64.5
2019,Eastern Cape,Female,20-24,60.1
2019,Eastern Cape,Male,15-19,58.0
2019,Eastern Cape,Male,20-24,53.8
2019,Western Cape,Female,15-19,66.7
2019,Western Cape,Female,20-24,63.7
2019,Western Cape,Male,15-19,61.8
2019,Western Cape,Male,20-24,56.8
2019,Limpopo,Female,15-19,55.6
2019,Limpopo,Female,20-24,55.0
2019,Limpopo,Male,15-19,52.8
2019,Limpopo,Male,20-24,53.2
2019,Mpumalanga,Female,15-19,64.9
2019,Mpumalanga,Female,20-24,53.6
2019,Mpumalanga,Male,15-19,55.9
2019,Mpumalanga,Male,20-24,54.4
2019,North West,Female,15-19,62.7
2019,North West,Female,20-24,57.1
2019,North West,Male,15-19,64.5
2019,North West,Male,20-24,56.6
2019,Free State,Female,15-19,67.8
2019,Free State,Female,20-24,65.3
2019,Free State,Male,15-19,66.5
2019,Free State,Male,20-24,56.5
2019,Northern Cape,Female,15-19,55.8
2019,Northern Cape,Female,20-24,53.4
2019,Northern Cape,Male,15-19,54.4
2019,Northern Cape,Male,20-24,49.7
2020,Gauteng,Female,15-19,61.3
2020,Gauteng,Female,20-24,55.9
2020,Gauteng,Male,15-19,59.4
2020,Gauteng,Male,20-24,47.3
2020,KwaZulu-Natal,Female,15-19,61.7
2020,KwaZulu-Natal,Female,20-24,56.2
2020,KwaZulu-Natal,Male,15-19,61.4
2020,KwaZulu-Natal,Male,20-24,51.5
2020,Eastern Cape,Female,15-19,63.0
2020,Eastern Cape,Female,20-24,60.1
2020,Eastern Cape,Male,15-19,60.9
2020,Eastern Cape,Male,20-24,54.7
2020,Western Cape,Female,15-19,66.5
2020,Western Cape,Female,20-24,66.9
2020,Western Cape,Male,15-19,64.0
2020,Western Cape,Male,20-24,62.4
2020,Limpopo,Female,15-19,59.9
2020,Limpopo,Female,20-24,50.9
2020,Limpopo,Male,15-19,59.5
2020,Limpopo,Male,20-24,53.2
2020,Mpumalanga,Female,15-19,66.3
2020,Mpumalanga,Female,20-24,60.9
2020,Mpumalanga,Male,15-19,61.3
2020,Mpumalanga,Male,20-24,50.8
2020,North West,Female,15-19,65.4
2020,North West,Female,20-24,58.2
2020,North West,Male,15-19,60.7
2020,North West,Male,20-24,53.0
2020,Free State,Female,15-19,67.5
2020,Free State,Female,20-24,67.4
2020,Free State,Male,15-19,62.6
2020,Free State,Male,20-24,61.8
2020,Northern Cape,Female,15-19,59.1
2020,Northern Cape,Female,20-24,53.9
2020,Northern Cape,Male,15-19,59.2
2020,Northern Cape,Male,20-24,54.5
2021,Gauteng,Female,15-19,60.4
2021,Gauteng,Female,20-24,56.7
2021,Gauteng,Male,15-19,53.2
2021,Gauteng,Male,20-24,49.4
2021,KwaZulu-Natal,Female,15-19,66.7
2021,KwaZulu-Natal,Female,20-24,58.6
2021,KwaZulu-Natal,Male,15-19,59.3
2021,KwaZulu-Natal,Male,20-24,56.0
2021,Eastern Cape,Female,15-19,62.5
2021,Eastern Cape,Female,20-24,61.7
2021,Eastern Cape,Male,15-19,62.0
2021,Eastern Cape,Male,20-24,59.8
2021,Western Cape,Female,15-19,66.3
2021,Western Cape,Female,20-24,67.7
2021,Western Cape,Male,15-19,61.6
2021,Western Cape,Male,20-24,57.5
2021,Limpopo,Female,15-19,60.8
2021,Limpopo,Female,20-24,56.4
2021,Limpopo,Male,15-19,53.9
2021,Limpopo,Male,20-24,48.0
2021,Mpumalanga,Female,15-19,66.1
2021,Mpumalanga,Female,20-24,56.0
2021,Mpumalanga,Male,15-19,59.8
2021,Mpumalanga,Male,20-24,55.0
2021,North West,Female,15-19,65.4
2021,North West,Female,20-24,61.7
2021,North West,Male,15-19,62.2
2021,North West,Male,20-24,60.5
2021,Free State,Female,15-19,66.6
2021,Free State,Female,20-24,65.7
2021,Free State,Male,15-19,62.9
2021,Free State,Male,20-24,59.2
2021,Northern Cape,Female,15-19,61.4
2021,Northern Cape,Female,20-24,53.4
2021,Northern Cape,Male,15-19,54.5
2021,Northern Cape,Male,20-24,53.0
2022,Gauteng,Female,15-19,57.1
2022,Gauteng,Female,20-24,55.2
2022,Gauteng,Male,15-19,60.5
2022,Gauteng,Male,20-24,55.5
2022,KwaZulu-Natal,Female,15-19,60.1
2022,KwaZulu-Natal,Female,20-24,56.2
2022,KwaZulu-Natal,Male,15-19,57.6
2022,KwaZulu-Natal,Male,20-24,58.0
2022,Eastern Cape,Female,15-19,69.5
2022,Eastern Cape,Female,20-24,64.5
2022,Eastern Cape,Male,15-19,61.5
2022,Eastern Cape,Male,20-24,54.8
2022,Western Cape,Female,15-19,72.2
2022,Western Cape,Female,20-24,66.1
2022,Western Cape,Male,15-19,66.4
2022,Western Cape,Male,20-24,64.4
2022,Limpopo,Female,15-19,61.7
2022,Limpopo,Female,20-24,51.6
2022,Limpopo,Male,15-19,59.0
2022,Limpopo,Male,20-24,49.9
2022,Mpumalanga,Female,15-19,64.8
2022,Mpumalanga,Female,20-24,62.0
2022,Mpumalanga,Male,15-19,56.6
2022,Mpumalanga,Male,20-24,51.4
2022,North West,Female,15-19,63.4
2022,North West,Female,20-24,61.9
2022,North West,Male,15-19,60.7
2022,North West,Male,20-24,58.3
2022,Free State,Female,15-19,71.2
2022,Free State,Female,20-24,62.1
2022,Free State,Male,15-19,66.6
2022,Free State,Male,20-24,58.6
2022,Northern Cape,Female,15-19,60.4
2022,Northern Cape,Female,20-24,58.7
2022,Northern Cape,Male,15-19,59.3
2022,Northern Cape,Male,20-24,48.2
2023,Gauteng,Female,15-19,60.4
2023,Gauteng,Female,20-24,54.2
2023,Gauteng,Male,15-19,53.0
2023,Gauteng,Male,20-24,54.2
2023,KwaZulu-Natal,Female,15-19,65.1
2023,KwaZulu-Natal,Female,20-24,57.1
2023,KwaZulu-Natal,Male,15-19,61.9
2023,KwaZulu-Natal,Male,20-24,55.4
2023,Eastern Cape,Female,15-19,66.4
2023,Eastern Cape,Female,20-24,58.1
2023,Eastern Cape,Male,15-19,59.6
2023,Eastern Cape,Male,20-24,61.1
2023,Western Cape,Female,15-19,73.2
2023,Western Cape,Female,20-24,65.4
2023,Western Cape,Male,15-19,68.7
2023,Western Cape,Male,20-24,61.7
2023,Limpopo,Female,15-19,58.2
2023,Limpopo,Female,20-24,53.0
2023,Limpopo,Male,15-19,55.5
2023,Limpopo,Male,20-24,55.2
2023,Mpumalanga,Female,15-19,66.4
2023,Mpumalanga,Female,20-24,61.9
2023,Mpumalanga,Male,15-19,63.2
2023,Mpumalanga,Male,20-24,52.7
2023,North West,Female,15-19,65.0
2023,North West,Female,20-24,58.8
2023,North West,Male,15-19,65.2
2023,North West,Male,20-24,61.1
2023,Free State,Female,15-19,69.3
2023,Free State,Female,20-24,66.0
2023,Free State,Male,15-19,63.2
2023,Free State,Male,20-24,64.4
2023,Northern Cape,Female,15-19,63.9
2023,Northern Cape,Female,20-24,59.8
2023,Northern Cape,Male,15-19,59.5
2023,Northern Cape,Male,20-24,55.1
2024,Gauteng,Female,15-19,57.7
2024,Gauteng,Female,20-24,58.4
2024,Gauteng,Male,15-19,56.2
2024,Gauteng,Male,20-24,55.9
2024,KwaZulu-Natal,Female,15-19,66.9
2024,KwaZulu-Natal,Female,20-24,62.4
2024,KwaZulu-Natal,Male,15-19,63.0
2024,KwaZulu-Natal,Male,20-24,53.6
2024,Eastern Cape,Female,15-19,69.8
2024,Eastern Cape,Female,20-24,59.4
2024,Eastern Cape,Male,15-19,66.5
2024,Eastern Cape,Male,20-24,61.4
2024,Western Cape,Female,15-19,68.3
2024,Western Cape,Female,20-24,68.0
2024,Western Cape,Male,15-19,66.2
2024,Western Cape,Male,20-24,59.9
2024,Limpopo,Female,15-19,63.9
2024,Limpopo,Female,20-24,54.3
2024,Limpopo,Male,15-19,53.7
2024,Limpopo,Male,20-24,50.0
2024,Mpumalanga,Female,15-19,63.1
2024,Mpumalanga,Female,20-24,62.4
2024,Mpumalanga,Male,15-19,64.2
2024,Mpumalanga,Male,20-24,53.7
2024,North West,Female,15-19,68.6
2024,North West,Female,20-24,61.7
2024,North West,Male,15-19,67.3
2024,North West,Male,20-24,58.8
2024,Free State,Female,15-19,74.0
2024,Free State,Female,20-24,62.4
2024,Free State,Male,15-19,70.3
2024,Free State,Male,20-24,58.9
2024,Northern Cape,Female,15-19,65.2
2024,Northern Cape,Female,20-24,54.6
2024,Northern Cape,Male,15-19,54.4
2024,Northern Cape,Male,20-24,52.0
