[
  {
    "question": "What are your working hours?",
    "answer": "Our working hours are Monday to Friday, 8am to 5pm."
  },
  {
    "question": "How can I contact support?",
    "answer": "You can contact us via email at support@example.com or call 012-345-6789."
  },
  {
    "question": "Do you offer AI services?",
    "answer": "Yes, we offer AI, machine learning, and data analytics solutions."
  },
  {
    "question": "Where are you located?",
    "answer": "We are located in Midrand, South Africa."
  },
  {
    "question": "How do I book a consultation?",
    "answer": "You can book a consultation through our website or by calling us."
  }
]